<PAMDataset>
  <PAMRasterBand band="1">
    <Description>CLC2018</Description>
    <GDALRasterAttributeTable tableType="thematic">
      <FieldDefn index="0">
        <Name>ID</Name>
        <Type>0</Type>
        <Usage>0</Usage>
      </FieldDefn>
      <FieldDefn index="1">
        <Name>CLC2018</Name>
        <Type>2</Type>
        <Usage>0</Usage>
      </FieldDefn>
      <Row index="0">
        <F>111</F>
        <F>Continuous urban fabric</F>
      </Row>
      <Row index="1">
        <F>112</F>
        <F>Discontinuous urban fabric</F>
      </Row>
      <Row index="2">
        <F>121</F>
        <F>Industrial or commercial units
and public facilities</F>
      </Row>
      <Row index="3">
        <F>122</F>
        <F>Road and rail networks and associated land</F>
      </Row>
      <Row index="4">
        <F>124</F>
        <F>Airports</F>
      </Row>
      <Row index="5">
        <F>131</F>
        <F>Mineral extraction sites</F>
      </Row>
      <Row index="6">
        <F>142</F>
        <F>Sport and leisure facilities</F>
      </Row>
      <Row index="7">
        <F>211</F>
        <F>Non-irrigated arable land</F>
      </Row>
      <Row index="8">
        <F>221</F>
        <F>Vineyards</F>
      </Row>
      <Row index="9">
        <F>222</F>
        <F>Fruit trees and berry plantations</F>
      </Row>
      <Row index="10">
        <F>231</F>
        <F>Pastures, meadows and other
permanent grasslands under agricultural use</F>
      </Row>
      <Row index="11">
        <F>242</F>
        <F>Complex cultivation patterns</F>
      </Row>
      <Row index="12">
        <F>243</F>
        <F>Land principally occupied by agriculture,
with significant areas of natural vegetation</F>
      </Row>
      <Row index="13">
        <F>311</F>
        <F>Broad-leaved forest</F>
      </Row>
      <Row index="14">
        <F>312</F>
        <F>Coniferous forest</F>
      </Row>
      <Row index="15">
        <F>313</F>
        <F>Mixed forest</F>
      </Row>
      <Row index="16">
        <F>321</F>
        <F>Natural grasslands</F>
      </Row>
      <Row index="17">
        <F>322</F>
        <F>Moors and heathland</F>
      </Row>
      <Row index="18">
        <F>323</F>
        <F>Sclerophyllous vegetation</F>
      </Row>
      <Row index="19">
        <F>324</F>
        <F>Transitional woodland-shrub</F>
      </Row>
      <Row index="20">
        <F>511</F>
        <F>Water courses</F>
      </Row>
      <Row index="21">
        <F>512</F>
        <F>Water bodies</F>
      </Row>
    </GDALRasterAttributeTable>
  </PAMRasterBand>
</PAMDataset>
